[
  {
    "query": "Natural language processing concept illustration for NLP course",
    "image_info": {
      "url": "https://media.geeksforgeeks.org/wp-content/uploads/20240524132821/nlp-working.webp",
      "img_format": "WEBP",
      "mode": "RGB",
      "file_size": 64496,
      "width": 1043,
      "height": 746,
      "total_pixels": 778078,
      "basic_score": 0.9212104515655744,
      "file_name": "course_nlp_0.webp"
    },
    "llm_score": null
  },
  {
    "query": "Natural language processing concept illustration for NLP course",
    "image_info": {
      "url": "https://www.qtravel.ai/wp-content/uploads/2023/12/what-is-natual-language-processsing-1024x884.png",
      "img_format": "PNG",
      "mode": "RGBA",
      "file_size": 112191,
      "width": 1024,
      "height": 884,
      "total_pixels": 905216,
      "basic_score": 0.9122534853067192,
      "file_name": "course_nlp_4.png"
    },
    "llm_score": null
  },
  {
    "query": "Natural language processing concept illustration for NLP course",
    "image_info": {
      "url": "https://miro.medium.com/1*tjyq7DrWkcK_rgym6YJ1Pw.png",
      "img_format": "PNG",
      "mode": "RGBA",
      "file_size": 235263,
      "width": 1018,
      "height": 720,
      "total_pixels": 732960,
      "basic_score": 0.910499666477999,
      "file_name": "course_nlp_2.png"
    },
    "llm_score": null
  },
  {
    "query": "Computer vision and object detection for vision project",
    "image_info": {
      "url": "https://miro.medium.com/v2/resize:fit:1400/1*mQqVq5A_5ELky_xHlRoMEA.jpeg",
      "img_format": "JPEG",
      "mode": "RGB",
      "file_size": 279631,
      "width": 1400,
      "height": 933,
      "total_pixels": 1306200,
      "basic_score": 0.9293458558352699,
      "file_name": "project_vision_9.jpeg"
    },
    "llm_score": null
  },
  {
    "query": "Computer vision and object detection for vision project",
    "image_info": {
      "url": "https://labelstud.io/_astro/92652e4211757aeb430154ba4c40242916f6b920-1200x628_ZsIHhG.png",
      "img_format": "PNG",
      "mode": "RGB",
      "file_size": 1238907,
      "width": 1200,
      "height": 630,
      "total_pixels": 756000,
      "basic_score": 0.9243578329543103,
      "file_name": "project_vision_4.png"
    },
    "llm_score": null
  },
  {
    "query": "Computer vision and object detection for vision project",
    "image_info": {
      "url": "https://viso.ai/wp-content/uploads/2023/01/smart-city-computer-vision-yolov7-deep-learning-1060x596.jpg",
      "img_format": "JPEG",
      "mode": "RGB",
      "file_size": 82304,
      "width": 1060,
      "height": 596,
      "total_pixels": 631760,
      "basic_score": 0.8867692608167659,
      "file_name": "project_vision_0.jpg"
    },
    "llm_score": null
  },
  {
    "query": "Modern chatbot interface for chatbot project",
    "image_info": {
      "url": "https://static.liveperson.com/static-assets/2022/04/26173832/MACS_blog_visual-1_2x-1024x952.jpg",
      "img_format": "JPEG",
      "mode": "RGB",
      "file_size": 93985,
      "width": 1024,
      "height": 952,
      "total_pixels": 974848,
      "basic_score": 0.9267973023069682,
      "file_name": "project_chatbot_9.jpg"
    },
    "llm_score": null
  },
  {
    "query": "Modern chatbot interface for chatbot project",
    "image_info": {
      "url": "https://yellow.ai/wp-content/uploads/2022/06/chatbot-vs-converstaional-ai-1-1024x804.webp",
      "img_format": "WEBP",
      "mode": "RGBA",
      "file_size": 36250,
      "width": 1024,
      "height": 804,
      "total_pixels": 823296,
      "basic_score": 0.9237355170730234,
      "file_name": "project_chatbot_2.webp"
    },
    "llm_score": null
  },
  {
    "query": "Modern chatbot interface for chatbot project",
    "image_info": {
      "url": "https://www.chatbot.com/home__deliver-ai.8e66d1b484a2e9fb002fb04db28d22dd07c0eb54e8d1dae00d12be5bc093b391.png",
      "img_format": "PNG",
      "mode": "P",
      "file_size": 83637,
      "width": 1024,
      "height": 928,
      "total_pixels": 950272,
      "basic_score": 0.9143437401121484,
      "file_name": "project_chatbot_8.png"
    },
    "llm_score": null
  },
  {
    "query": "Recommendation system visualization for recommendation project",
    "image_info": {
      "url": "https://www.nvidia.com/content/dam/en-zz/Solutions/glossary/data-science/recommendation-system/img-2.png",
      "img_format": "PNG",
      "mode": "RGBA",
      "file_size": 468599,
      "width": 970,
      "height": 972,
      "total_pixels": 942840,
      "basic_score": 0.9445240753600728,
      "file_name": "project_recommendation_0.png"
    },
    "llm_score": null
  },
  {
    "query": "Recommendation system visualization for recommendation project",
    "image_info": {
      "url": "https://miro.medium.com/1*iCEkV4sqCfntuW7fwAymSw.png",
      "img_format": "PNG",
      "mode": "RGB",
      "file_size": 1279825,
      "width": 1024,
      "height": 1024,
      "total_pixels": 1048576,
      "basic_score": 0.937364256447951,
      "file_name": "project_recommendation_5.png"
    },
    "llm_score": null
  },
  {
    "query": "Recommendation system visualization for recommendation project",
    "image_info": {
      "url": "https://yqintl.alicdn.com/2a61b4b1dbe6cecf892b6c195ce92f17b2ca2fe5.png",
      "img_format": "PNG",
      "mode": "RGBA",
      "file_size": 287814,
      "width": 1249,
      "height": 702,
      "total_pixels": 876798,
      "basic_score": 0.9335281822851922,
      "file_name": "project_recommendation_8.png"
    },
    "llm_score": null
  },
  {
    "query": "Deep neural network visualization for deep learning course",
    "image_info": {
      "url": "https://i.ytimg.com/vi/aircAruvnKk/maxresdefault.jpg",
      "img_format": "JPEG",
      "mode": "RGB",
      "file_size": 184532,
      "width": 1280,
      "height": 720,
      "total_pixels": 921600,
      "basic_score": 0.9379790086136365,
      "file_name": "course_dl_9.jpg"
    },
    "llm_score": null
  },
  {
    "query": "Deep neural network visualization for deep learning course",
    "image_info": {
      "url": "https://www.ibm.com/content/dam/connectedassets-adobe-cms/worldwide-content/cdp/cf/ul/g/3a/b8/ICLH_Diagram_Batch_01_03-DeepNeuralNetwork.png",
      "img_format": "PNG",
      "mode": "RGBA",
      "file_size": 157831,
      "width": 1120,
      "height": 631,
      "total_pixels": 706720,
      "basic_score": 0.8994546813953994,
      "file_name": "course_dl_0.png"
    },
    "llm_score": null
  },
  {
    "query": "Deep neural network visualization for deep learning course",
    "image_info": {
      "url": "https://www.altexsoft.com/static/content-image/2024/6/ec55ad04-11ca-44f3-8eec-9399936c26ff.png",
      "img_format": "PNG",
      "mode": "RGBA",
      "file_size": 337216,
      "width": 1025,
      "height": 572,
      "total_pixels": 586300,
      "basic_score": 0.8911353723544311,
      "file_name": "course_dl_3.png"
    },
    "llm_score": null
  },
  {
    "query": "Abstract visualization of machine learning algorithms for course image",
    "image_info": {
      "url": "https://i.ytimg.com/vi/UOvPeC8WOt8/maxresdefault.jpg",
      "img_format": "JPEG",
      "mode": "RGB",
      "file_size": 173449,
      "width": 1280,
      "height": 720,
      "total_pixels": 921600,
      "basic_score": 0.9369622077386194,
      "file_name": "course_ml_5.jpg"
    },
    "llm_score": null
  },
  {
    "query": "Abstract visualization of machine learning algorithms for course image",
    "image_info": {
      "url": "https://camo.githubusercontent.com/06d69012978787e4ef21e2f8bf2dac89f71894668febc3f4a6f1b0680523990d/68747470733a2f2f692e6779617a6f2e636f6d2f66353636643233363461663433646433613738633839323665643230346135312e706e67",
      "img_format": "PNG",
      "mode": "RGBA",
      "file_size": 217431,
      "width": 695,
      "height": 663,
      "total_pixels": 460785,
      "basic_score": 0.8484948349361183,
      "file_name": "course_ml_3.jpg"
    },
    "llm_score": null
  },
  {
    "query": "Abstract visualization of machine learning algorithms for course image",
    "image_info": {
      "url": "https://www.mathworks.com/help/deeplearning/ug/network_diagram_visualization.png",
      "img_format": "PNG",
      "mode": "RGBA",
      "file_size": 189711,
      "width": 1407,
      "height": 422,
      "total_pixels": 593754,
      "basic_score": 0.8175248704253985,
      "file_name": "course_ml_6.png"
    },
    "llm_score": null
  },
  {
    "query": "A modern robot with educational theme for hero section",
    "image_info": {
      "url": "https://www.gesseducation.com/sites/gess/portal/files/styles/lead_image_2_1280x720_/public/2025-11/20250708T140043032Z-6664539f932940928dac3642d4ccd371-d44fdc32b1f34a48973b27873697ea81.jpeg?itok=MOC138T_",
      "img_format": "JPEG",
      "mode": "RGB",
      "file_size": 500164,
      "width": 1280,
      "height": 720,
      "total_pixels": 921600,
      "basic_score": 0.9605566491085725,
      "file_name": "hero_robot_5.jpeg"
    },
    "llm_score": null
  },
  {
    "query": "A modern robot with educational theme for hero section",
    "image_info": {
      "url": "https://unifiedmagazine.com/wp-content/uploads/2024/02/1_UkwzNaGNm3kqNmhaou5OwA.png",
      "img_format": "PNG",
      "mode": "RGB",
      "file_size": 1124207,
      "width": 1024,
      "height": 1024,
      "total_pixels": 1048576,
      "basic_score": 0.9461040511682597,
      "file_name": "hero_robot_6.png"
    },
    "llm_score": null
  },
  {
    "query": "A modern robot with educational theme for hero section",
    "image_info": {
      "url": "https://airteachr.com.au/wp-content/uploads/2024/03/ai_humanoid_robot_instruction_school.jpg",
      "img_format": "JPEG",
      "mode": "RGB",
      "file_size": 111678,
      "width": 1024,
      "height": 1024,
      "total_pixels": 1048576,
      "basic_score": 0.9277424249954034,
      "file_name": "hero_robot_4.jpg"
    },
    "llm_score": null
  },
  {
    "query": "Educational robot for about section",
    "image_info": {
      "url": "https://digital-ai.us/wp-content/uploads/2025/01/vecteezy_robot-working-24hr-business-laptop-ai-ui-interface-object_12726482.jpg",
      "img_format": "JPEG",
      "mode": "RGB",
      "file_size": 659878,
      "width": 1200,
      "height": 675,
      "total_pixels": 810000,
      "basic_score": 0.9570919682954702,
      "file_name": "about_robot_6.jpg"
    },
    "llm_score": null
  },
  {
    "query": "Educational robot for about section",
    "image_info": {
      "url": "https://media.licdn.com/dms/image/v2/D5612AQEGI7DE1u7K4g/article-cover_image-shrink_720_1280/article-cover_image-shrink_720_1280/0/1723060566812?e=2147483647&v=beta&t=k6BlI4T3-lEHV9rr6DBftNGIungQWWKZ1KlFum1tguI",
      "img_format": "PNG",
      "mode": "RGB",
      "file_size": 1397982,
      "width": 1260,
      "height": 720,
      "total_pixels": 907200,
      "basic_score": 0.9333332901529141,
      "file_name": "about_robot_9.jpg"
    },
    "llm_score": null
  },
  {
    "query": "Educational robot for about section",
    "image_info": {
      "url": "https://airteachr.com.au/wp-content/uploads/2024/03/ai_humanoid_robot_instruction_school.jpg",
      "img_format": "JPEG",
      "mode": "RGB",
      "file_size": 111678,
      "width": 1024,
      "height": 1024,
      "total_pixels": 1048576,
      "basic_score": 0.9277424249954034,
      "file_name": "about_robot_5.jpg"
    },
    "llm_score": null
  }
]